{"cameraMode":{"drawMode":0,"name":"Shaded","section":"Shading Mode"},"sceneLighting":true,"audioPlay":false,"sceneViewState":{"m_AlwaysRefresh":false,"showFog":true,"showSkybox":true,"showFlares":true,"showImageEffects":true,"showParticleSystems":true,"showVisualEffectGraphs":true,"m_FxEnabled":true},"in2DMode":false,"pivot":{"x":-2.3054745197296144,"y":2.1241281032562258,"z":0.7006852030754089},"rotation":{"x":-0.05619914084672928,"y":0.7046056389808655,"z":-0.05612083151936531,"w":-0.7052444815635681},"size":0.9045026898384094,"orthographic":false}